Notes-Cullen,Notes-Tuli,Secondary-cit. to add later?,Final status,Comments,Primary or Secondary interaction,Citation Number,Citation Short Description,Region,Location Description,Country,Habitat Type,Lat.,Long.,Elev. (or Range Min),Elev. Range Max,Interaction Type,Interaction Tags,Subject Order,Bat Family,Bat Genus,Bat Species,Object Kingdom,Object Phylum,Object Class,Object Order,Object Family,Object Genus,Object Species
C: done 12/28,"T:done. No digital copy, but data taken from EndNote",,Done,,Primary  ,1,"Acosta y Lara, E. 1950",South America,Uruguay-Forest,Uruguay,Forest,,,,,Seed Dispersal,Seed,Chiroptera,Phyllostomidae,Sturnira,Sturnira lilium,Plantae,,,,Passifloraceae,Passiflora,
C: done 12/28,"T:done. No digital copy, but data taken from EndNote",,Done,,Primary  ,1,"Acosta y Lara, E. 1950",South America,Uruguay-Forest,Uruguay,Forest,,,,,Seed Dispersal,Seed,Chiroptera,Phyllostomidae,Sturnira,Sturnira lilium,Plantae,,,,Myrtaceae,Eugenia,
C: done 12/28,"T:done. Name and coordinates were given, elevation calculated by mapping the site",,Done,,Primary  ,62,"Aguiar, L. M. 2005",South America,Embrapa Cerrados,Brazil,Savanna,-15.6283333,-47.37083333,879,,Seed Dispersal,Seed,Chiroptera,Phyllostomidae,Platyrrhinus,Platyrrhinus lineatus,Plantae,,,,Icacinaceae,Emmotum,Emmotum nitens
C: done 12/28,"T:done. Name and coordinates were given, elevation calculated by mapping the site",,Done,,Primary  ,62,"Aguiar, L. M. 2005",South America,Embrapa Cerrados,Brazil,Savanna,-15.6283333,-47.37083333,879,,Consumption,Leaf,Chiroptera,Phyllostomidae,Platyrrhinus,Platyrrhinus lineatus,Plantae,,,,Solanaceae,Solanum,Solanum lycocarpum
C: done 12/28,"T:done. Only name of site was given, coord and elevation here are default values for Tucson",,Done,,Primary  ,2,"Alcorn, S. M., S. E. McGregor & G. Olin. 1961",North America,"Tucson, AZ",USA,Desert,32.2217429,-110.926479,758,,Pollination,Flower,Chiroptera,Phyllostomidae,Leptonycteris,Leptonycteris nivalis,Plantae,,,,Cactaceae,Carnegiea,Carnegiea gigantea
C: done 12/28,"T:done. Only name of site was given, coord and elevation here are default values for Tucson",,Done,,Primary  ,2,"Alcorn, S. M., S. E. McGregor & G. Olin. 1961",North America,"Tucson, AZ",USA,Desert,32.2217429,-110.926479,758,,Visitation,Flower,Chiroptera,Phyllostomidae,Leptonycteris,Leptonycteris nivalis,Plantae,,,,Asparagaceae,Agave,Agave schottii
C: done 12/28,"T:done. Only name of site was given, coord and elevation here are default values for Tucson",,Done,,Primary  ,3,"Alcorn, S. M., S. E. McGregor & G. Olin. 1962",North America,"Tucson, AZ",USA,Desert,32.2217429,-110.926479,758,,Visitation,Flower,Chiroptera,Phyllostomidae,Leptonycteris,Leptonycteris nivalis,Plantae,,,,Asparagaceae,Agave,Agave parryi
C: done 12/28,"T:done. Only name of site was given, coord and elevation here are default values for Tucson",,Done,,Primary  ,3,"Alcorn, S. M., S. E. McGregor & G. Olin. 1962",North America,"Tucson, AZ",USA,Desert,32.2217429,-110.926479,758,,Pollination,Flower,Chiroptera,Phyllostomidae,Leptonycteris,Leptonycteris nivalis,Plantae,,,,Cactaceae,Stenocereus,Stenocereus thurberi
Portug. Find pdf. C could not find the hard copy,,,,,Primary  ,8,"Andrade, J. C. d. & A. G. d. Andrade. 1983",,,,,,,,,Seed Dispersal,Seed,Chiroptera,,,,Plantae,,,,Sapotaceae,Pouteria,Pouteria psammophila
Need to find thesis online to get actual location data. We only have pages 344-345 ,I couldn't find full text. I'll check back later,,,,Primary  ,9,"Areces-Mallea, A. E. 2002",,,,,,,,,Visitation,Flower,Chiroptera,Phyllostomidae,Monophyllus,Monophyllus redmani,Plantae,,,,Cactaceae,Leptocereus,Leptocereus arboreus
Need to find thesis online to get actual location data. We only have pages 344-345 ,I couldn't find full text. I'll check back later,,,,Primary  ,9,"Areces-Mallea, A. E. 2002",,,,,,,,,Visitation,Flower,Chiroptera,Phyllostomidae,Monophyllus,Monophyllus redmani,Plantae,,,,Cactaceae,Leptocereus,Leptocereus santamarinae
Need to find thesis online to get actual location data. We only have pages 344-345 ,I couldn't find full text. I'll check back later,,,,Primary  ,9,"Areces-Mallea, A. E. 2002",,,,,,,,,Visitation,Flower,Chiroptera,Phyllostomidae,Monophyllus,Monophyllus redmani,Plantae,,,,Cactaceae,Leptocereus,Leptocereus wrightii
Need to find thesis online to get actual location data. We only have pages 344-345 ,I couldn't find full text. I'll check back later,,,,Primary  ,9,"Areces-Mallea, A. E. 2002",,Cuba-Unspecified,Cuba,,,,,,Visitation,Flower,Chiroptera,Phyllostomidae,Phyllonycteris,Phyllonycteris poeyi,Plantae,,,,Cactaceae,Leptocereus,Leptocereus arboreus
Good. This is all correct,"T:done. Name of site and elevation were given. Coordinates were calculated online. Habitat desribed as: Stenocereus stellatus is native to tropical dry forest and thorny scrub, however cultivated, managed and wild populations were studied.",,Done,,Primary  ,10,"Arias-Cóyotl, E., K. E. Stoner & A. Casas. 2006",North America,"Chinango, Oaxaca",Mexico,Forest,18.106086,-97.75541,1600,,Pollination,Flower,Chiroptera,Phyllostomidae,Leptonycteris,Leptonycteris yerbabuenae,Plantae,,,,Cactaceae,Stenocereus,Stenocereus stellatus
Good. This is all correct,T:done. Name of site and elevation were given. Coordinates were calculated online,,Done,,Primary  ,10,"Arias-Cóyotl, E., K. E. Stoner & A. Casas. 2006",North America,"Chinango, Oaxaca",Mexico,Forest,18.106086,-97.75541,1600,,Pollination,Flower,Chiroptera,Phyllostomidae,Leptonycteris,Leptonycteris nivalis,Plantae,,,,Cactaceae,Stenocereus,Stenocereus stellatus
Good. This is all correct,T:done. Name of site and elevation were given. Coordinates were calculated online,,Done,,Primary  ,10,"Arias-Cóyotl, E., K. E. Stoner & A. Casas. 2006",North America,"Chinango, Oaxaca",Mexico,Forest,18.106086,-97.75541,1600,,Pollination,Flower,Chiroptera,Phyllostomidae,Choeronycteris,Choeronycteris mexicana,Plantae,,,,Cactaceae,Stenocereus,Stenocereus stellatus
Good. This is all correct,"T:done. Site name and coordinates were given, elevation was calculated by mapping the site.",,Done,,Primary  ,13,"Arizaga, S. et al. 2000b",North America,"Field Laboratory of UNAM's Institute of Ecology, Zapotitlan Salinas ",Mexico,Desert,18.3292323,-97.4746759,1500,,Pollination,Flower,Chiroptera,Phyllostomidae,Leptonycteris,Leptonycteris yerbabuenae,Plantae,,,,Asparagaceae,Agave,Agave macroacantha
Good. This is all correct,"T:done. Site name and coordinates were given, elevation was calculated by mapping the site.",,Done,,Primary  ,13,"Arizaga, S. et al. 2000b",North America,"Field Laboratory of UNAM's Institute of Ecology, Zapotitlan Salinas ",Mexico,Desert,18.3292323,-97.4746759,1500,,Pollination,Flower,Chiroptera,Phyllostomidae,Choeronycteris,Choeronycteris mexicana,Plantae,,,,Asparagaceae,Agave,Agave macroacantha
C: done 12/28,T:done. Description and map of the site was given. Coord and elevation were calculated.,,Done,,Primary  ,16,"Ascorra, C. F. & D. E. Wilson. 1992",South America,"Explorama Lodge, Amazon",Peru,Forest,-3.390049,-72.865791,134,,Seed Dispersal,Seed,Chiroptera,Phyllostomidae,Phyllostomus,Phyllostomus hastatus,Plantae,,,,Urticaceae,Cecropia,Cecropia membranacea
C: done 12/28,T:done. Description and map of the site was given. Coord and elevation were calculated.,,Done,,Primary  ,16,"Ascorra, C. F. & D. E. Wilson. 1992",South America,"Explorama Lodge, Amazon",Peru,Forest,-3.390049,-72.865791,134,,Seed Dispersal,Seed,Chiroptera,Phyllostomidae,Glossophaga,Glossophaga soricina,Plantae,,,,Urticaceae,Cecropia,Cecropia membranacea
C: done 12/28,T:done. Description and map of the site was given. Coord and elevation were calculated.,,Done,,Primary  ,16,"Ascorra, C. F. & D. E. Wilson. 1992",South America,"Explorama Lodge, Amazon",Peru,Forest,-3.390049,-72.865791,134,,Seed Dispersal,Seed,Chiroptera,Phyllostomidae,Glossophaga,Glossophaga soricina,Plantae,,,,Piperaceae,Pothomorphe,Pothomorphe peltata
C: done 12/28,T:done. Description and map of the site was given. Coord and elevation were calculated.,,Done,,Primary  ,16,"Ascorra, C. F. & D. E. Wilson. 1992",South America,"Explorama Lodge, Amazon",Peru,Forest,-3.390049,-72.865791,134,,Seed Dispersal,Seed,Chiroptera,Phyllostomidae,Carollia,Carollia brevicauda,Plantae,,,,Hypericaceae,Vismia,
C: done 12/28,T:done. Description and map of the site was given. Coord and elevation were calculated.,,Done,,Primary  ,16,"Ascorra, C. F. & D. E. Wilson. 1992",South America,"Explorama Lodge, Amazon",Peru,Forest,-3.390049,-72.865791,134,,Seed Dispersal,Seed,Chiroptera,Phyllostomidae,Carollia,Carollia castanea,Plantae,,,,Piperaceae,Pothomorphe,Pothomorphe peltata
C: done 12/28,T:done. Description and map of the site was given. Coord and elevation were calculated.,,Done,,Primary  ,16,"Ascorra, C. F. & D. E. Wilson. 1992",South America,"Explorama Lodge, Amazon",Peru,Forest,-3.390049,-72.865791,134,,Seed Dispersal,Seed,Chiroptera,Phyllostomidae,Carollia,Carollia perspicillata,Plantae,,,,Araceae,Anthurium,
C: done 12/28,T:done. Description and map of the site was given. Coord and elevation were calculated.,,Done,,Primary  ,16,"Ascorra, C. F. & D. E. Wilson. 1992",South America,"Explorama Lodge, Amazon",Peru,Forest,-3.390049,-72.865791,134,,Seed Dispersal,Seed,Chiroptera,Phyllostomidae,Carollia,Carollia perspicillata,Plantae,,,,Hypericaceae,Vismia,
C: done 12/28,T:done. Description and map of the site was given. Coord and elevation were calculated.,,Done,,Primary  ,16,"Ascorra, C. F. & D. E. Wilson. 1992",South America,"Explorama Lodge, Amazon",Peru,Forest,-3.390049,-72.865791,134,,Seed Dispersal,Seed,Chiroptera,Phyllostomidae,Carollia,Carollia perspicillata,Plantae,,,,Urticaceae,Cecropia,Cecropia distachya
C: done 12/28,T:done. Description and map of the site was given. Coord and elevation were calculated.,,Done,,Primary  ,16,"Ascorra, C. F. & D. E. Wilson. 1992",South America,"Explorama Lodge, Amazon",Peru,Forest,-3.390049,-72.865791,134,,Seed Dispersal,Seed,Chiroptera,Phyllostomidae,Carollia,Carollia perspicillata,Plantae,,,,Urticaceae,Cecropia,Cecropia ficifolia
C: done 12/28,T:done. Description and map of the site was given. Coord and elevation were calculated.,,Done,,Primary  ,16,"Ascorra, C. F. & D. E. Wilson. 1992",South America,"Explorama Lodge, Amazon",Peru,Forest,-3.390049,-72.865791,134,,Seed Dispersal,Seed,Chiroptera,Phyllostomidae,Carollia,Carollia perspicillata,Plantae,,,,Piperaceae,Piper,
C: done 12/28,T:done. Description and map of the site was given. Coord and elevation were calculated.,,Done,,Primary  ,16,"Ascorra, C. F. & D. E. Wilson. 1992",South America,"Explorama Lodge, Amazon",Peru,Forest,-3.390049,-72.865791,134,,Seed Dispersal,Seed,Chiroptera,Phyllostomidae,Carollia,Carollia perspicillata,Plantae,,,,Piperaceae,Pothomorphe,Pothomorphe peltata
C: done 12/28,T:done. Description and map of the site was given. Coord and elevation were calculated.,,Done,,Primary  ,16,"Ascorra, C. F. & D. E. Wilson. 1992",South America,"Explorama Lodge, Amazon",Peru,Forest,-3.390049,-72.865791,134,,Seed Dispersal,Seed,Chiroptera,Phyllostomidae,Artibeus,Artibeus jamaicensis,Plantae,,,,Moraceae,Ficus,
C: done 12/28,T:done. Description and map of the site was given. Coord and elevation were calculated.,,Done,,Primary  ,16,"Ascorra, C. F. & D. E. Wilson. 1992",South America,"Explorama Lodge, Amazon",Peru,Forest,-3.390049,-72.865791,134,,Seed Dispersal,Seed,Chiroptera,Phyllostomidae,Artibeus,Artibeus jamaicensis,Plantae,,,,Piperaceae,Piper,
C: done 12/28,T:done. Description and map of the site was given. Coord and elevation were calculated.,,Done,,Primary  ,16,"Ascorra, C. F. & D. E. Wilson. 1992",South America,"Explorama Lodge, Amazon",Peru,Forest,-3.390049,-72.865791,134,,Seed Dispersal,Seed,Chiroptera,Phyllostomidae,Platyrrhinus,Platyrrhinus helleri,Plantae,,,,Urticaceae,Cecropia,Cecropia ficifolia
C: done 12/28,T:done. Description and map of the site was given. Coord and elevation were calculated.,,Done,,Primary  ,16,"Ascorra, C. F. & D. E. Wilson. 1992",South America,"Explorama Lodge, Amazon",Peru,Forest,-3.390049,-72.865791,134,,Seed Dispersal,Seed,Chiroptera,Phyllostomidae,Platyrrhinus,Platyrrhinus helleri,Plantae,,,,Moraceae,Ficus,
C: done 12/28,T:done. Description and map of the site was given. Coord and elevation were calculated.,,Done,,Primary  ,16,"Ascorra, C. F. & D. E. Wilson. 1992",South America,"Explorama Lodge, Amazon",Peru,Forest,-3.390049,-72.865791,134,,Seed Dispersal,Seed,Chiroptera,Phyllostomidae,Sturnira,Sturnira lilium,Plantae,,,,Solanaceae,Solanum,Solanum lanceolatum
C: done 12/28,T:done. Description and map of the site was given. Coord and elevation were calculated.,,Done,,Primary  ,16,"Ascorra, C. F. & D. E. Wilson. 1992",South America,"Explorama Lodge, Amazon",Peru,Forest,-3.390049,-72.865791,134,,Seed Dispersal,Seed,Chiroptera,Phyllostomidae,Uroderma,Uroderma bilobatum,Plantae,,,,Clusiaceae,Havetiopsis,Havetiopsis flavida
C: done 12/28,T:done. Description and map of the site was given. Coord and elevation were calculated.,,Done,,Primary  ,16,"Ascorra, C. F. & D. E. Wilson. 1992",South America,"Explorama Lodge, Amazon",Peru,Forest,-3.390049,-72.865791,134,,Seed Dispersal,Seed,Chiroptera,Phyllostomidae,Uroderma,Uroderma bilobatum,Plantae,,,,Moraceae,Ficus,
C: done 12/28,T:done. Description and map of the site was given. Coord and elevation were calculated.,,Done,,Primary  ,16,"Ascorra, C. F. & D. E. Wilson. 1992",South America,"Explorama Lodge, Amazon",Peru,Forest,-3.390049,-72.865791,134,,Seed Dispersal,Seed,Chiroptera,Phyllostomidae,Uroderma,Uroderma bilobatum,Plantae,,,,Piperaceae,Pothomorphe,Pothomorphe peltata
C: done 12/28,T:done. Description and map of the site was given. Coord and elevation were calculated.,,Done,,Primary  ,16,"Ascorra, C. F. & D. E. Wilson. 1992",South America,"Explorama Lodge, Amazon",Peru,Forest,-3.390049,-72.865791,134,,Seed Dispersal,Seed,Chiroptera,Phyllostomidae,Uroderma,Uroderma magnirostrum,Plantae,,,,Piperaceae,Pothomorphe,Pothomorphe peltata
C: done 12/28,T:done. Description and map of the site was given. Coord and elevation were calculated.,,Done,,Primary  ,16,"Ascorra, C. F. & D. E. Wilson. 1992",South America,"Explorama Lodge, Amazon",Peru,Forest,-3.390049,-72.865791,134,,Seed Dispersal,Seed,Chiroptera,Phyllostomidae,Vampyressa,Vampyressa pusilla,Plantae,,,,Piperaceae,Piper,
These must be done. ,T:done. Description and map of the site was given. Coord and elevation were calculated.,,Done,,Primary  ,16,"Ascorra, C. F. & D. E. Wilson. 1992",South America,"Explorama Lodge, Amazon",Peru,Forest,-3.390049,-72.865791,134,,Seed Dispersal,Seed,Chiroptera,Phyllostomidae,Platyrrhinus,Platyrrhinus helleri,Plantae,,,,Piperaceae,Piper,
These must be done. ,T:done. Description and map of the site was given. Coord and elevation were calculated.,,Done,,Primary  ,16,"Ascorra, C. F. & D. E. Wilson. 1992",South America,"Explorama Lodge, Amazon",Peru,Forest,-3.390049,-72.865791,134,,Seed Dispersal,Seed,Chiroptera,Phyllostomidae,Rhinophylla,Rhinophylla pumilio,Plantae,,,,Piperaceae,Piper,
These must be done. ,T:done. Description and map of the site was given. Coord and elevation were calculated.,,Done,,Primary  ,16,"Ascorra, C. F. & D. E. Wilson. 1992",South America,"Explorama Lodge, Amazon",Peru,Forest,-3.390049,-72.865791,134,,Seed Dispersal,Seed,Chiroptera,Phyllostomidae,Artibeus,Artibeus lituratus,Plantae,,,,Hypericaceae,Vismia,
These must be done. ,T:done. Description and map of the site was given. Coord and elevation were calculated.,,Done,,Primary  ,16,"Ascorra, C. F. & D. E. Wilson. 1992",South America,"Explorama Lodge, Amazon",Peru,Forest,-3.390049,-72.865791,134,,Seed Dispersal,Seed,Chiroptera,Phyllostomidae,Artibeus,Artibeus obscurus,Plantae,,,,Urticaceae,Cecropia,Cecropia membranacea
These must be done. ,T:done. Description and map of the site was given. Coord and elevation were calculated.,,Done,,Primary  ,16,"Ascorra, C. F. & D. E. Wilson. 1992",South America,"Explorama Lodge, Amazon",Peru,Forest,-3.390049,-72.865791,134,,Seed Dispersal,Seed,Chiroptera,Phyllostomidae,Artibeus,Artibeus obscurus,Plantae,,,,Moraceae,Ficus,
These must be done. ,T:done. Description and map of the site was given. Coord and elevation were calculated.,,Done,,Primary  ,16,"Ascorra, C. F. & D. E. Wilson. 1992",South America,"Explorama Lodge, Amazon",Peru,Forest,-3.390049,-72.865791,134,,Seed Dispersal,Seed,Chiroptera,Phyllostomidae,Platyrrhinus,Platyrrhinus helleri,Plantae,,,,Urticaceae,Cecropia,Cecropia membranacea
These must be done. ,T:done. Description and map of the site was given. Coord and elevation were calculated.,,Done,,Primary  ,16,"Ascorra, C. F. & D. E. Wilson. 1992",South America,"Explorama Lodge, Amazon",Peru,Forest,-3.390049,-72.865791,134,,Seed Dispersal,Seed,Chiroptera,Phyllostomidae,Vampyressa,Vampyressa pusilla,Plantae,,,,Hypericaceae,Vismia,
These must be done. ,T:done. Description and map of the site was given. Coord and elevation were calculated.,,Done,,Primary  ,16,"Ascorra, C. F. & D. E. Wilson. 1992",South America,"Explorama Lodge, Amazon",Peru,Forest,-3.390049,-72.865791,134,,Seed Dispersal,Seed,Chiroptera,Phyllostomidae,Vampyressa,Vampyressa pusilla,Plantae,,,,Moraceae,Ficus,
These must be done. ,T:done. Description and map of the site was given. Coord and elevation were calculated.,,Done,,Primary  ,16,"Ascorra, C. F. & D. E. Wilson. 1992",South America,"Explorama Lodge, Amazon",Peru,Forest,-3.390049,-72.865791,134,,Seed Dispersal,Seed,Chiroptera,Phyllostomidae,Carollia,Carollia brevicauda,Plantae,,,,Hypericaceae,Vismia,
These must be done. ,T:done. Description and map of the site was given. Coord and elevation were calculated.,,Done,,Primary  ,16,"Ascorra, C. F. & D. E. Wilson. 1992",South America,"Explorama Lodge, Amazon",Peru,Forest,-3.390049,-72.865791,134,,Seed Dispersal,Seed,Chiroptera,Phyllostomidae,Carollia,Carollia perspicillata,Plantae,,,,Hypericaceae,Vismia,
These must be done. ,T:done. Description and map of the site was given. Coord and elevation were calculated.,,Done,,Primary  ,16,"Ascorra, C. F. & D. E. Wilson. 1992",South America,"Explorama Lodge, Amazon",Peru,Forest,-3.390049,-72.865791,134,,Seed Dispersal,Seed,Chiroptera,Phyllostomidae,Platyrrhinus,Platyrrhinus helleri,Plantae,,,,Urticaceae,Cecropia,Cecropia ficifolia
These must be done. ,T:done. Description and map of the site was given. Coord and elevation were calculated.,,Done,,Primary  ,16,"Ascorra, C. F. & D. E. Wilson. 1992",South America,"Explorama Lodge, Amazon",Peru,Forest,-3.390049,-72.865791,134,,Seed Dispersal,Seed,Chiroptera,Phyllostomidae,Artibeus,Artibeus jamaicensis,Plantae,,,,Moraceae,Ficus,
These must be done. ,T:done. Description and map of the site was given. Coord and elevation were calculated.,,Done,,Primary  ,16,"Ascorra, C. F. & D. E. Wilson. 1992",South America,"Explorama Lodge, Amazon",Peru,Forest,-3.390049,-72.865791,134,,Seed Dispersal,Seed,Chiroptera,Phyllostomidae,Uroderma,Uroderma bilobatum,Plantae,,,,Moraceae,Ficus,
C: done 12/28,"In p. Separate interactions (There are two study sites at Palcazu Valley, only separated by 10kms. Coordinates were given for both, but to not separate interactions, set of coordinates here are for Iscozacin. Iscozacin has an elevation of 375 mt and Shiringamazu an elev. of 1086 mt, and that's the range given here)",,Done,,Primary  ,18,"Ascorra, C. F., D. L. Gorchov & F. Cornejo. 1989",South America,"Palcazú Valley, Pasco",Peru,Forest,-10.1833333,-75.16666667,375,1086,Seed Dispersal,Seed,Chiroptera,Phyllostomidae,Rhinophylla,Rhinophylla fischerae,Plantae,,,,Solanaceae,,
C: done 12/28,"T:done. There are two study sites at Palcazu Valley, only separated by 10kms. Coordinates were given for both, but to not separate interactions, set of coordinates here are for Iscozacin. Iscozacin has an elevation of 375 mt and Shiringamazu an elev. of 1086 mt, and that's the range given here. ",,Done,,Primary  ,18,"Ascorra, C. F., D. L. Gorchov & F. Cornejo. 1989",South America,"Palcazú Valley, Pasco",Peru,Forest,-10.1833333,-75.16666667,375,1086,Seed Dispersal,Seed,Chiroptera,Phyllostomidae,Rhinophylla,Rhinophylla fischerae,Plantae,,,,Urticaceae,Cecropia,
C: done 12/28,"T:done. There are two study sites at Palcazu Valley, only separated by 10kms. Coordinates were given for both, but to not separate interactions, set of coordinates here are for Iscozacin. Iscozacin has an elevation of 375 mt and Shiringamazu an elev. of 1086 mt, and that's the range given here. ",,Done,,Primary  ,18,"Ascorra, C. F., D. L. Gorchov & F. Cornejo. 1989",South America,"Palcazú Valley, Pasco",Peru,Forest,-10.1833333,-75.16666667,375,1086,Seed Dispersal,Seed,Chiroptera,Phyllostomidae,Carollia,Carollia perspicillata,Plantae,,,,Piperaceae,Piper,
C: done 12/28,"T:done. There are two study sites at Palcazu Valley, only separated by 10kms. Coordinates were given for both, but to not separate interactions, set of coordinates here are for Iscozacin. Iscozacin has an elevation of 375 mt and Shiringamazu an elev. of 1086 mt, and that's the range given here. ",,Done,,Primary  ,18,"Ascorra, C. F., D. L. Gorchov & F. Cornejo. 1989",South America,"Palcazú Valley, Pasco",Peru,Forest,-10.1833333,-75.16666667,375,1086,Seed Dispersal,Seed,Chiroptera,Phyllostomidae,Rhinophylla,Rhinophylla pumilio,Plantae,,,,Urticaceae,Cecropia,
C: done 12/28,"T:done. There are two study sites at Palcazu Valley, only separated by 10kms. Coordinates were given for both, but to not separate interactions, set of coordinates here are for Iscozacin. Iscozacin has an elevation of 375 mt and Shiringamazu an elev. of 1086 mt, and that's the range given here. ",,Done,,Primary  ,18,"Ascorra, C. F., D. L. Gorchov & F. Cornejo. 1989",South America,"Palcazú Valley, Pasco",Peru,Forest,-10.1833333,-75.16666667,375,1086,Seed Dispersal,Seed,Chiroptera,Phyllostomidae,Sturnira,Sturnira tildae,Plantae,,,,Piperaceae,Piper,
C: done 12/28,"T:done. This study reports on bat species captured during another study, Gorchov et al. 1993, so location data is taken from the latest.",,Done,,Primary  ,17,"Ascorra, C. F., D. L. Gorchov & F. Cornejo. 1993",South America,Centro de Investigaciones Jenaro Herrera,Peru,Forest,-4.9166667,-73.66666667,121,,Seed Dispersal,Seed,Chiroptera,Phyllostomidae,Carollia,Carollia perspicillata,Plantae,,,,Hypericaceae,Vismia,Vismia angusta
C: done 12/28,"T:done. This study reports on bat species captured during another study, Gorchov et al. 1993, so location data is taken from the latest.",,Done,,Primary  ,17,"Ascorra, C. F., D. L. Gorchov & F. Cornejo. 1993",South America,Centro de Investigaciones Jenaro Herrera,Peru,Forest,-4.9166667,-73.66666667,121,,Seed Dispersal,Seed,Chiroptera,Phyllostomidae,Carollia,Carollia brevicauda,Plantae,,,,Hypericaceae,Vismia,Vismia angusta
C: done 12/28,"T:done. This study reports on bat species captured during another study, Gorchov et al. 1993, so location data is taken from the latest.",,Done,,Primary  ,17,"Ascorra, C. F., D. L. Gorchov & F. Cornejo. 1993",South America,Centro de Investigaciones Jenaro Herrera,Peru,Forest,-4.9166667,-73.66666667,121,,Seed Dispersal,Seed,Chiroptera,Phyllostomidae,Phyllostomus,Phyllostomus hastatus,Plantae,,,,Urticaceae,Cecropia,Cecropia distachya
Done,"T:done. Name and coordinates are given, elevation was calculated by mapping the site.",,Done,,Primary  ,19,"August, P. V. ,1981",South America,"Fundo Pecuario Masaguaral, Guárico",Venezuela,Savanna,8.600032,-67.615356,103,,Seed Dispersal,Seed,Chiroptera,Phyllostomidae,Artibeus,Artibeus jamaicensis,Plantae,,,,Moraceae,Ficus,Ficus trigonata
Done,"T:done. Name and coordinates are given, elevation was calculated by mapping the site.",,Done,,Primary  ,21,"Baker, H. G. & B. J. Harris. 1957",West Africa,Achimota National Forest,Ghana,Savanna,5.6333333,-0.2166666667,66,,Visitation,Flower,Chiroptera,Pteropodidae,Epomophorus,Epomophorus gambianus,Plantae,,,,Fabaceae,Parkia,Parkia clappertoniana
Done,"T:done. Name and coordinates are given, elevation was calculated by mapping the site.",,Done,,Primary  ,21,"Baker, H. G. & B. J. Harris. 1957",West Africa,Achimota National Forest,Ghana,Savanna,5.6333333,-0.2166666667,66,,Visitation,Flower,Chiroptera,Pteropodidae,Nanonycteris,Nanonycteris veldkampii,Plantae,,,,Fabaceae,Parkia,Parkia clappertoniana
Done,"T:done. Name and coordinates are given, elevation was calculated by mapping the site.",,Done,,Primary  ,21,"Baker, H. G. & B. J. Harris. 1957",West Africa,Achimota National Forest,Ghana,Savanna,5.6333333,-0.2166666667,66,,Seed Dispersal,Seed,Chiroptera,Pteropodidae,Nanonycteris,Nanonycteris veldkampii,Plantae,,,,Moraceae,Ficus,Ficus umbellata
Done,"T:done. Name and coordinates are given, elevation was calculated by mapping the site.",,Done,,Primary  ,21,"Baker, H. G. & B. J. Harris. 1957",West Africa,Achimota National Forest,Ghana,Savanna,5.6333333,-0.2166666667,66,,Seed Dispersal,Seed,Chiroptera,Pteropodidae,Epomophorus,Epomophorus gambianus,Plantae,,,,Moraceae,Ficus,Ficus umbellata
C: done 12/28,T:done. Name of site was given. Other location data was found at https://www.bgci.org/worldwide/article/0125/ and mapping coordinates were calculated according to it.,,Done,,Primary  ,24,"Baker, H. G. 1970",Central America,Botanical Garden in Lancetilla,Honduras,Forest,15.740049,-87.455635,20,800,Visitation,Flower,Chiroptera,Phyllostomidae,,,Plantae,,,,Malvaceae,Durio,Durio zibethinus
C: done 12/28,T:done. Site was described as near Santa Ana. Coordinates and elevation were not given. It will be to subjective to assign a range without knowing more details- a ramdom search of mapping points in that area can go from around 900 to 1500 masl.  ,,Done,,Primary  ,24,"Baker, H. G. 1970",Central America,Santa Ana-Forest,Costa Rica,Forest,,,,,Visitation,Flower,Chiroptera,Phyllostomidae,,,Plantae,,,,Fabaceae,Mucuna,Mucuna andreana
C: done 12/28,"T:done. A description of the site was given with elev. ""Two populations were investigated, respectively 6.5 and 27 km east of Villa Union on the road which leads from that town (in the State of Sinaloa) to Durango. In both cases the sites were less than 200 meters above sea level""",,Done,"Authors investigated two populations, respectively 6.5 and 27 km east of Villa Union on the road which leads from that town (in the State of Sinaloa) to Durango. In both cases the sites were less than 200 meters above sea level",Primary  ,22,"Baker, H. G., R. W. Cruden & I. Baker. 1971",North America,Sinaloa State-Shrubland,Mexico,Shrubland,,,,,Visitation,Flower,Chiroptera,Phyllostomidae,Leptonycteris,Leptonycteris yerbabuenae,Plantae,,,,Malvaceae,Ceiba,Ceiba acuminata
C: done 12/29,T:done. Applied loc data- standard for La Selva,,Done,,Primary  ,26,"Banack, S. A., M. H. Horn & A. Gawlicka. 2002",Central America,La Selva Biological Station,Costa Rica,Forest,10.422,-84.015,35,135,Seed Dispersal,Seed,Chiroptera,Phyllostomidae,Artibeus,Artibeus jamaicensis,Plantae,,,,Moraceae,Ficus,Ficus insipida
C: done 12/29,T:done. Applied loc data- standard for La Selva,,Done,,Primary  ,26,"Banack, S. A., M. H. Horn & A. Gawlicka. 2002",Central America,La Selva Biological Station,Costa Rica,Forest,10.422,-84.015,35,135,Seed Dispersal,Seed,Chiroptera,Phyllostomidae,Artibeus,Artibeus watsoni,Plantae,,,,Moraceae,Ficus,Ficus insipida
C: done 12/29,T:done. Applied loc data- standard for La Selva,,Done,,Primary  ,26,"Banack, S. A., M. H. Horn & A. Gawlicka. 2002",Central America,La Selva Biological Station,Costa Rica,Forest,10.422,-84.015,35,135,Seed Dispersal,Seed,Chiroptera,Phyllostomidae,Artibeus,Artibeus lituratus,Plantae,,,,Moraceae,Ficus,Ficus insipida
C: done 12/29,T:done. Loc specifics were given,,Done,,Primary  ,28,"Bizerril, M. X. A. &  A. Raw. 1997",South America,"Fazenda Água Limpa, Experimental Station of the University of Brasília",Brazil,Forest,-15.908178,-47.85902,1000,,Seed Dispersal,Seed,Chiroptera,Phyllostomidae,Artibeus,Artibeus lituratus,Plantae,,,,Piperaceae,Piper,Piper arboreum
C: done 12/29,T:done. Loc specifics were given,,Done,,Primary  ,28,"Bizerril, M. X. A. &  A. Raw. 1997",South America,"Fazenda Água Limpa, Experimental Station of the University of Brasília",Brazil,Forest,-15.908178,-47.85902,1000,,Seed Dispersal,Seed,Chiroptera,Phyllostomidae,Carollia,Carollia perspicillata,Plantae,,,,Piperaceae,Piper,Piper arboreum
C: done 12/29,T:done. Loc specifics were given,,Done,,Primary  ,28,"Bizerril, M. X. A. &  A. Raw. 1997",South America,"Fazenda Água Limpa, Experimental Station of the University of Brasília",Brazil,Forest,-15.908178,-47.85902,1000,,Seed Dispersal,Seed,Chiroptera,Phyllostomidae,Glossophaga,Glossophaga soricina,Plantae,,,,Piperaceae,Piper,Piper arboreum
C: done 12/29,T:done. Loc specifics were given,,Done,,Primary  ,28,"Bizerril, M. X. A. &  A. Raw. 1997",South America,"Fazenda Água Limpa, Experimental Station of the University of Brasília",Brazil,Forest,-15.908178,-47.85902,1000,,Seed Dispersal,Seed,Chiroptera,Phyllostomidae,Sturnira,Sturnira lilium,Plantae,,,,Piperaceae,Piper,Piper arboreum
C: done,"T:done. Location name was given, coord and elevation calculated by mapping site",,Done,,Primary  ,30,"Bloedel, P. 1955",Central America,Summit Experimental Gardens,Panama,Forest,9.065,-79.646,100,,Seed Dispersal,Seed,Chiroptera,Phyllostomidae,Artibeus,Artibeus lituratus,Plantae,,,,Anacardiaceae,Anacardium,Anacardium excelsum
C: done,"T:done. Location name was given, coord and elevation calculated by mapping site",,Done,,Primary  ,30,"Bloedel, P. 1955",Central America,Summit Experimental Gardens,Panama,Forest,9.065,-79.646,100,,Seed Dispersal,Seed,Chiroptera,Phyllostomidae,Uroderma,Uroderma bilobatum,Plantae,,,,Arecaceae,,
C: done 12/29,Done. Applied location specs for BCI taken from http://www.forestgeo.si.edu/floss/site/Barro%20Colorado%20Island/ and toporaphic_map.pdf,,Done,,Primary  ,33,"Bonaccorso, F. J. & S. R. Humphrey. 1984",Central America,Barro Colorado Island,Panama,Forest,9.15164,-79.8509,25,145,Seed Dispersal,Seed,Chiroptera,Phyllostomidae,Carollia,Carollia castanea,Plantae,,,,Hypericaceae,Vismia,
C: done 12/29,Done. Applied location specs for BCI taken from http://www.forestgeo.si.edu/floss/site/Barro%20Colorado%20Island/ and toporaphic_map.pdf,,Done,,Primary  ,33,"Bonaccorso, F. J. & S. R. Humphrey. 1984",Central America,Barro Colorado Island,Panama,Forest,9.15164,-79.8509,25,145,Seed Dispersal,Seed,Chiroptera,Phyllostomidae,Artibeus,Artibeus jamaicensis,Plantae,,,,Moraceae,Ficus,
C: done 12/29,Done. Applied location specs for BCI taken from http://www.forestgeo.si.edu/floss/site/Barro%20Colorado%20Island/ and toporaphic_map.pdf,,Done,,Primary  ,33,"Bonaccorso, F. J. & S. R. Humphrey. 1984",Central America,Barro Colorado Island,Panama,Forest,9.15164,-79.8509,25,145,Seed Dispersal,Seed,Chiroptera,Phyllostomidae,Artibeus,Artibeus jamaicensis,Plantae,,,,Urticaceae,Cecropia,
C: done 12/29,Done. Applied location specs for BCI taken from http://www.forestgeo.si.edu/floss/site/Barro%20Colorado%20Island/ and toporaphic_map.pdf,,Done,,Primary  ,33,"Bonaccorso, F. J. & S. R. Humphrey. 1984",Central America,Barro Colorado Island,Panama,Forest,9.15164,-79.8509,25,145,Seed Dispersal,Seed,Chiroptera,Phyllostomidae,Artibeus,Artibeus jamaicensis,Plantae,,,,Malvaceae,Quararibea,Quararibea asterolepis
C: done 12/29,Done. Applied location specs for BCI taken from http://www.forestgeo.si.edu/floss/site/Barro%20Colorado%20Island/ and toporaphic_map.pdf,,Done,,Primary  ,33,"Bonaccorso, F. J. & S. R. Humphrey. 1984",Central America,Barro Colorado Island,Panama,Forest,9.15164,-79.8509,25,145,Seed Dispersal,Seed,Chiroptera,Phyllostomidae,Artibeus,Artibeus lituratus,Plantae,,,,Anacardiaceae,Spondias,Spondias mombin
C: done 12/29,Done. Applied location specs for BCI taken from http://www.forestgeo.si.edu/floss/site/Barro%20Colorado%20Island/ and toporaphic_map.pdf,,Done,,Primary  ,33,"Bonaccorso, F. J. & S. R. Humphrey. 1984",Central America,Barro Colorado Island,Panama,Forest,9.15164,-79.8509,25,145,Seed Dispersal,Seed,Chiroptera,Phyllostomidae,Artibeus,Artibeus lituratus,Plantae,,,,Moraceae,Ficus,
C: done 12/29,Done. Applied location specs for BCI taken from http://www.forestgeo.si.edu/floss/site/Barro%20Colorado%20Island/ and toporaphic_map.pdf,,Done,,Primary  ,33,"Bonaccorso, F. J. & S. R. Humphrey. 1984",Central America,Barro Colorado Island,Panama,Forest,9.15164,-79.8509,25,145,Seed Dispersal,Seed,Chiroptera,Phyllostomidae,Artibeus,Artibeus phaeotis,Plantae,,,,Moraceae,Ficus,Ficus yoponensis
C: done 12/29,Done. Applied location specs for BCI taken from http://www.forestgeo.si.edu/floss/site/Barro%20Colorado%20Island/ and toporaphic_map.pdf,,Done,,Primary  ,33,"Bonaccorso, F. J. & S. R. Humphrey. 1984",Central America,Barro Colorado Island,Panama,Forest,9.15164,-79.8509,25,145,Seed Dispersal,Seed,Chiroptera,Phyllostomidae,Artibeus,Artibeus phaeotis,Plantae,,,,Anacardiaceae,Spondias,Spondias radlkoferi
C: done 12/29,Done. Applied location specs for BCI taken from http://www.forestgeo.si.edu/floss/site/Barro%20Colorado%20Island/ and toporaphic_map.pdf,,Done,,Primary  ,33,"Bonaccorso, F. J. & S. R. Humphrey. 1984",Central America,Barro Colorado Island,Panama,Forest,9.15164,-79.8509,25,145,Seed Dispersal,Seed,Chiroptera,Phyllostomidae,Artibeus,Artibeus phaeotis,Plantae,,,,Urticaceae,Cecropia,
C: done 12/29,Done. Applied location specs for BCI taken from http://www.forestgeo.si.edu/floss/site/Barro%20Colorado%20Island/ and toporaphic_map.pdf,,Done,,Primary  ,33,"Bonaccorso, F. J. & S. R. Humphrey. 1984",Central America,Barro Colorado Island,Panama,Forest,9.15164,-79.8509,25,145,Seed Dispersal,Seed,Chiroptera,Phyllostomidae,Artibeus,Artibeus phaeotis,Plantae,,,,Moraceae,Ficus,Ficus insipida
C: done 12/29,Done. Applied location specs for BCI taken from http://www.forestgeo.si.edu/floss/site/Barro%20Colorado%20Island/ and toporaphic_map.pdf,,Done,,Primary  ,33,"Bonaccorso, F. J. & S. R. Humphrey. 1984",Central America,Barro Colorado Island,Panama,Forest,9.15164,-79.8509,25,145,Seed Dispersal,Seed,Chiroptera,Phyllostomidae,Artibeus,Artibeus phaeotis,Plantae,,,,Clusiaceae,Clusia,Clusia odorata
C: done 12/29,Done. Applied location specs for BCI taken from http://www.forestgeo.si.edu/floss/site/Barro%20Colorado%20Island/ and toporaphic_map.pdf,,Done,,Primary  ,33,"Bonaccorso, F. J. & S. R. Humphrey. 1984",Central America,Barro Colorado Island,Panama,Forest,9.15164,-79.8509,25,145,Seed Dispersal,Seed,Chiroptera,Phyllostomidae,Artibeus,Artibeus phaeotis,Plantae,,,,Solanaceae,Markea,Markea panamensis
C: done 12/29,Done. Applied location specs for BCI taken from http://www.forestgeo.si.edu/floss/site/Barro%20Colorado%20Island/ and toporaphic_map.pdf,,Done,,Primary  ,33,"Bonaccorso, F. J. & S. R. Humphrey. 1984",Central America,Barro Colorado Island,Panama,Forest,9.15164,-79.8509,25,145,Seed Dispersal,Seed,Chiroptera,Phyllostomidae,Artibeus,Artibeus jamaicensis,Plantae,,,,Anacardiaceae,Spondias,Spondias mombin
C: done 12/29,Done. Applied location specs for BCI taken from http://www.forestgeo.si.edu/floss/site/Barro%20Colorado%20Island/ and toporaphic_map.pdf,,Done,,Primary  ,33,"Bonaccorso, F. J. & S. R. Humphrey. 1984",Central America,Barro Colorado Island,Panama,Forest,9.15164,-79.8509,25,145,Seed Dispersal,Seed,Chiroptera,Phyllostomidae,Artibeus,Artibeus jamaicensis,Plantae,,,,Anacardiaceae,Spondias,Spondias radlkoferi
C: done 12/29,Done. Applied location specs for BCI taken from http://www.forestgeo.si.edu/floss/site/Barro%20Colorado%20Island/ and toporaphic_map.pdf,,Done,,Primary  ,33,"Bonaccorso, F. J. & S. R. Humphrey. 1984",Central America,Barro Colorado Island,Panama,Forest,9.15164,-79.8509,25,145,Seed Dispersal,Seed,Chiroptera,Phyllostomidae,Artibeus,Artibeus phaeotis,Plantae,,,,Anacardiaceae,Spondias,Spondias mombin
C: done 12/29,Done. Applied location specs for BCI taken from http://www.forestgeo.si.edu/floss/site/Barro%20Colorado%20Island/ and toporaphic_map.pdf,,Done,,Primary  ,33,"Bonaccorso, F. J. & S. R. Humphrey. 1984",Central America,Barro Colorado Island,Panama,Forest,9.15164,-79.8509,25,145,Seed Dispersal,Seed,Chiroptera,Phyllostomidae,Artibeus,Artibeus lituratus,Plantae,,,,Anacardiaceae,Spondias,Spondias radlkoferi
C: done 12/29,Done. Applied location specs for BCI taken from http://www.forestgeo.si.edu/floss/site/Barro%20Colorado%20Island/ and toporaphic_map.pdf,,Done,,Primary  ,33,"Bonaccorso, F. J. & S. R. Humphrey. 1984",Central America,Barro Colorado Island,Panama,Forest,9.15164,-79.8509,25,145,Seed Dispersal,Seed,Chiroptera,Phyllostomidae,Artibeus,Artibeus phaeotis,Plantae,,,,Solanaceae,Solanum,Solanum hayesii
C: done 12/29,Done. Applied location specs for BCI taken from http://www.forestgeo.si.edu/floss/site/Barro%20Colorado%20Island/ and toporaphic_map.pdf,,Done,,Primary  ,33,"Bonaccorso, F. J. & S. R. Humphrey. 1984",Central America,Barro Colorado Island,Panama,Forest,9.15164,-79.8509,25,145,Seed Dispersal,Seed,Chiroptera,Phyllostomidae,Artibeus,Artibeus phaeotis,Plantae,,,,Salicaceae,Tetrathylacium,Tetrathylacium johansenii
C: done 12/29,Done. Applied location specs for BCI taken from http://www.forestgeo.si.edu/floss/site/Barro%20Colorado%20Island/ and toporaphic_map.pdf,,Done,,Primary  ,33,"Bonaccorso, F. J. & S. R. Humphrey. 1984",Central America,Barro Colorado Island,Panama,Forest,9.15164,-79.8509,25,145,Seed Dispersal,Seed,Chiroptera,Phyllostomidae,Carollia,Carollia castanea,Plantae,,,,Piperaceae,Piper,Piper cordulatum
C: done 12/29,Done. Applied location specs for BCI taken from http://www.forestgeo.si.edu/floss/site/Barro%20Colorado%20Island/ and toporaphic_map.pdf,,Done,,Primary  ,33,"Bonaccorso, F. J. & S. R. Humphrey. 1984",Central America,Barro Colorado Island,Panama,Forest,9.15164,-79.8509,25,145,Seed Dispersal,Seed,Chiroptera,Phyllostomidae,Carollia,Carollia castanea,Plantae,,,,Piperaceae,Piper,
C: done 12/29,Done. Applied location specs for BCI taken from http://www.forestgeo.si.edu/floss/site/Barro%20Colorado%20Island/ and toporaphic_map.pdf,,Done,,Primary  ,33,"Bonaccorso, F. J. & S. R. Humphrey. 1984",Central America,Barro Colorado Island,Panama,Forest,9.15164,-79.8509,25,145,Seed Dispersal,Seed,Chiroptera,Phyllostomidae,Carollia,Carollia perspicillata,Plantae,,,,Piperaceae,Piper,
C: done 12/29,Done. Applied location specs for BCI taken from http://www.forestgeo.si.edu/floss/site/Barro%20Colorado%20Island/ and toporaphic_map.pdf,,Done,,Primary  ,33,"Bonaccorso, F. J. & S. R. Humphrey. 1984",Central America,Barro Colorado Island,Panama,Forest,9.15164,-79.8509,25,145,Seed Dispersal,Seed,Chiroptera,Phyllostomidae,Carollia,Carollia perspicillata,Plantae,,,,Piperaceae,Piper,Piper cordulatum
C: done 12/29,Done. Applied location specs for BCI taken from http://www.forestgeo.si.edu/floss/site/Barro%20Colorado%20Island/ and toporaphic_map.pdf,,Done,,Primary  ,33,"Bonaccorso, F. J. & S. R. Humphrey. 1984",Central America,Barro Colorado Island,Panama,Forest,9.15164,-79.8509,25,145,Seed Dispersal,Seed,Chiroptera,Phyllostomidae,Carollia,Carollia castanea,Plantae,,,,Solanaceae,Markea,Markea panamensis
C: done 12/29,Done. Applied location specs for BCI taken from http://www.forestgeo.si.edu/floss/site/Barro%20Colorado%20Island/ and toporaphic_map.pdf,,Done,,Primary  ,33,"Bonaccorso, F. J. & S. R. Humphrey. 1984",Central America,Barro Colorado Island,Panama,Forest,9.15164,-79.8509,25,145,Seed Dispersal,Seed,Chiroptera,Phyllostomidae,Carollia,Carollia perspicillata,Plantae,,,,Malvaceae,Quararibea,Quararibea asterolepis
C: done 12/29,Done. Applied location specs for BCI taken from http://www.forestgeo.si.edu/floss/site/Barro%20Colorado%20Island/ and toporaphic_map.pdf,,Done,,Primary  ,33,"Bonaccorso, F. J. & S. R. Humphrey. 1984",Central America,Barro Colorado Island,Panama,Forest,9.15164,-79.8509,25,145,Seed Dispersal,Seed,Chiroptera,Phyllostomidae,Carollia,Carollia perspicillata,Plantae,,,,Hypericaceae,Vismia,Vismia baccifera
C: done 12/29,Done. Applied location specs for BCI taken from http://www.forestgeo.si.edu/floss/site/Barro%20Colorado%20Island/ and toporaphic_map.pdf,,Done,,Primary  ,33,"Bonaccorso, F. J. & S. R. Humphrey. 1984",Central America,Barro Colorado Island,Panama,Forest,9.15164,-79.8509,25,145,Seed Dispersal,Seed,Chiroptera,Phyllostomidae,Carollia,Carollia perspicillata,Plantae,,,,Hypericaceae,Vismia,
C: done 12/29,Done. Applied location specs for BCI taken from http://www.forestgeo.si.edu/floss/site/Barro%20Colorado%20Island/ and toporaphic_map.pdf,,Done,,Primary  ,33,"Bonaccorso, F. J. & S. R. Humphrey. 1984",Central America,Barro Colorado Island,Panama,Forest,9.15164,-79.8509,25,145,Seed Dispersal,Seed,Chiroptera,Phyllostomidae,Carollia,Carollia perspicillata,Plantae,,,,Solanaceae,Solanum,Solanum hayesii
C: done 12/29,Done. Applied location specs for BCI taken from http://www.forestgeo.si.edu/floss/site/Barro%20Colorado%20Island/ and toporaphic_map.pdf,,Done,,Primary  ,33,"Bonaccorso, F. J. & S. R. Humphrey. 1984",Central America,Barro Colorado Island,Panama,Forest,9.15164,-79.8509,25,145,Seed Dispersal,Seed,Chiroptera,Phyllostomidae,Carollia,Carollia perspicillata,Plantae,,,,Solanaceae,Markea,Markea panamensis
C: done 12/29,Done. Applied location specs for BCI taken from http://www.forestgeo.si.edu/floss/site/Barro%20Colorado%20Island/ and toporaphic_map.pdf,,Done,,Primary  ,33,"Bonaccorso, F. J. & S. R. Humphrey. 1984",Central America,Barro Colorado Island,Panama,Forest,9.15164,-79.8509,25,145,Seed Dispersal,Seed,Chiroptera,Phyllostomidae,Carollia,Carollia perspicillata,Plantae,,,,Fabaceae,Dipteryx,Dipteryx panamensis
C: done 12/29,Done. Applied location specs for BCI taken from http://www.forestgeo.si.edu/floss/site/Barro%20Colorado%20Island/ and toporaphic_map.pdf,,Done,,Primary  ,33,"Bonaccorso, F. J. & S. R. Humphrey. 1984",Central America,Barro Colorado Island,Panama,Forest,9.15164,-79.8509,25,145,Seed Dispersal,Seed,Chiroptera,Phyllostomidae,Carollia,Carollia perspicillata,Plantae,,,,Anacardiaceae,Anacardium,Anacardium excelsum
C: done 12/29,Done. Applied location specs for BCI taken from http://www.forestgeo.si.edu/floss/site/Barro%20Colorado%20Island/ and toporaphic_map.pdf,,Done,,Primary  ,33,"Bonaccorso, F. J. & S. R. Humphrey. 1984",Central America,Barro Colorado Island,Panama,Forest,9.15164,-79.8509,25,145,Seed Dispersal,Seed,Chiroptera,Phyllostomidae,Carollia,Carollia perspicillata,Plantae,,,,Urticaceae,Cecropia,Cecropia insignis
C: done 12/29,Done. Applied location specs for BCI taken from http://www.forestgeo.si.edu/floss/site/Barro%20Colorado%20Island/ and toporaphic_map.pdf,,Done,,Primary  ,33,"Bonaccorso, F. J. & S. R. Humphrey. 1984",Central America,Barro Colorado Island,Panama,Forest,9.15164,-79.8509,25,145,Seed Dispersal,Seed,Chiroptera,Phyllostomidae,Artibeus,Artibeus phaeotis,Plantae,,,,Urticaceae,Cecropia,Cecropia insignis
C: done 12/29,Done. Applied location specs for BCI taken from http://www.forestgeo.si.edu/floss/site/Barro%20Colorado%20Island/ and toporaphic_map.pdf,,Done,,Primary  ,33,"Bonaccorso, F. J. & S. R. Humphrey. 1984",Central America,Barro Colorado Island,Panama,Forest,9.15164,-79.8509,25,145,Seed Dispersal,Seed,Chiroptera,Phyllostomidae,Carollia,Carollia castanea,Plantae,,,,Solanaceae,Solanum,
C: done 12/29,Done. Applied location specs for BCI taken from http://www.forestgeo.si.edu/floss/site/Barro%20Colorado%20Island/ and toporaphic_map.pdf,,Done,,Primary  ,33,"Bonaccorso, F. J. & S. R. Humphrey. 1984",Central America,Barro Colorado Island,Panama,Forest,9.15164,-79.8509,25,145,Seed Dispersal,Seed,Chiroptera,Phyllostomidae,Vampyressa,Vampyressa pusilla,Plantae,,,,Moraceae,Ficus,Ficus yoponensis
C: done 12/29,Done. Applied location specs for BCI taken from http://www.forestgeo.si.edu/floss/site/Barro%20Colorado%20Island/ and toporaphic_map.pdf,,Done,,Primary  ,33,"Bonaccorso, F. J. & S. R. Humphrey. 1984",Central America,Barro Colorado Island,Panama,Forest,9.15164,-79.8509,25,145,Seed Dispersal,Seed,Chiroptera,Phyllostomidae,Artibeus,Artibeus lituratus,Plantae,,,,Malvaceae,Quararibea,Quararibea asterolepsis
C: done 12/29,Done. Applied location specs for BCI taken from http://www.forestgeo.si.edu/floss/site/Barro%20Colorado%20Island/ and toporaphic_map.pdf,,Done,,Primary  ,33,"Bonaccorso, F. J. & S. R. Humphrey. 1984",Central America,Barro Colorado Island,Panama,Forest,9.15164,-79.8509,25,145,Seed Dispersal,Seed,Chiroptera,Phyllostomidae,Vampyrodes,Vampyrodes caraccioli,Plantae,,,,Moraceae,Ficus,
C: done 12/29. Agree to keep it Forest,"Done ** Study done at 300 masl. Elevation values for Santa Rosa NP taken from IUCN Directory of Neotropical Protected Areas= 0 to 319 mt. IUCN Directory give a set of coordinates, but not very accurate, these coord point out a different site ""Estacion Experimental Forestal Horizontes"" which is a research station southeast of Santa Rosa NP. ",,Done,Authors reported the study site at 300 masl. Elevation range reported at Bat Eco-Interactions are those reported by The IUCN Directory of Neotropical Protected Areas for Parque Nacional Santa Rosa.,Primary  ,32,"Bonaccorso, F. J. & T. J. Gush. 1987",Central America,Parque Nacional Santa Rosa,Costa Rica,Forest,10.8379308,-85.7051116,0,319,Seed Dispersal,Seed,Chiroptera,Phyllostomidae,Carollia,Carollia subrufa,Plantae,,,,Hypericaceae,Vismia,Vismia baccifera
C: done 12/29. Agree to keep it Forest,"Done ** Study done at 300 masl. Elevation values for Santa Rosa NP taken from IUCN Directory of Neotropical Protected Areas= 0 to 319 mt. IUCN Directory give a set of coordinates, but not very accurate, these coord point out a different site ""Estacion Experimental Forestal Horizontes"" which is a research station southeast of Santa Rosa NP. ",,Done,Authors reported the study site at 300 masl. Elevation range reported at Bat Eco-Interactions are those reported by The IUCN Directory of Neotropical Protected Areas for Parque Nacional Santa Rosa.,Primary  ,32,"Bonaccorso, F. J. & T. J. Gush. 1987",Central America,Parque Nacional Santa Rosa,Costa Rica,Forest,10.8379308,-85.7051116,0,319,Seed Dispersal,Seed,Chiroptera,Phyllostomidae,Carollia,Carollia perspicillata,Plantae,,,,Moraceae,Ficus,Ficus ovalis
C: done 12/29. Agree to keep it Forest,"Done ** Study done at 300 masl. Elevation values for Santa Rosa NP taken from IUCN Directory of Neotropical Protected Areas= 0 to 319 mt. IUCN Directory give a set of coordinates, but not very accurate, these coord point out a different site ""Estacion Experimental Forestal Horizontes"" which is a research station southeast of Santa Rosa NP. ",,Done,Authors reported the study site at 300 masl. Elevation range reported at Bat Eco-Interactions are those reported by The IUCN Directory of Neotropical Protected Areas for Parque Nacional Santa Rosa.,Primary  ,32,"Bonaccorso, F. J. & T. J. Gush. 1987",Central America,Parque Nacional Santa Rosa,Costa Rica,Forest,10.8379308,-85.7051116,0,319,Seed Dispersal,Seed,Chiroptera,Phyllostomidae,Carollia,Carollia subrufa,Plantae,,,,Piperaceae,Piper,Piper pseudofuligineum
C: done 12/29. Agree to keep it Forest,"Done ** Study done at 300 masl. Elevation values for Santa Rosa NP taken from IUCN Directory of Neotropical Protected Areas= 0 to 319 mt. IUCN Directory give a set of coordinates, but not very accurate, these coord point out a different site ""Estacion Experimental Forestal Horizontes"" which is a research station southeast of Santa Rosa NP. ",,Done,Authors reported the study site at 300 masl. Elevation range reported at Bat Eco-Interactions are those reported by The IUCN Directory of Neotropical Protected Areas for Parque Nacional Santa Rosa.,Primary  ,32,"Bonaccorso, F. J. & T. J. Gush. 1987",Central America,Parque Nacional Santa Rosa,Costa Rica,Forest,10.8379308,-85.7051116,0,319,Seed Dispersal,Seed,Chiroptera,Phyllostomidae,Carollia,Carollia subrufa,Plantae,,,,Muntingiaceae,Muntingia,Muntingia calabura
C: done 12/29. Agree to keep it Forest,"Done ** Study done at 300 masl. Elevation values for Santa Rosa NP taken from IUCN Directory of Neotropical Protected Areas= 0 to 319 mt. IUCN Directory give a set of coordinates, but not very accurate, these coord point out a different site ""Estacion Experimental Forestal Horizontes"" which is a research station southeast of Santa Rosa NP. ",,Done,Authors reported the study site at 300 masl. Elevation range reported at Bat Eco-Interactions are those reported by The IUCN Directory of Neotropical Protected Areas for Parque Nacional Santa Rosa.,Primary  ,32,"Bonaccorso, F. J. & T. J. Gush. 1987",Central America,Parque Nacional Santa Rosa,Costa Rica,Forest,10.8379308,-85.7051116,0,319,Seed Dispersal,Seed,Chiroptera,Phyllostomidae,Carollia,Carollia subrufa,Plantae,,,,Piperaceae,Piper,Piper amalago
C: done 12/29. Agree to keep it Forest,"Done ** Study done at 300 masl. Elevation values for Santa Rosa NP taken from IUCN Directory of Neotropical Protected Areas= 0 to 319 mt. IUCN Directory give a set of coordinates, but not very accurate, these coord point out a different site ""Estacion Experimental Forestal Horizontes"" which is a research station southeast of Santa Rosa NP. ",,Done,Authors reported the study site at 300 masl. Elevation range reported at Bat Eco-Interactions are those reported by The IUCN Directory of Neotropical Protected Areas for Parque Nacional Santa Rosa.,Primary  ,32,"Bonaccorso, F. J. & T. J. Gush. 1987",Central America,Parque Nacional Santa Rosa,Costa Rica,Forest,10.8379308,-85.7051116,0,319,Seed Dispersal,Seed,Chiroptera,Phyllostomidae,Carollia,Carollia perspicillata,Plantae,,,,Muntingiaceae,Muntingia,Muntingia calabura
C: done 12/29. Agree to keep it Forest,"Done ** Study done at 300 masl. Elevation values for Santa Rosa NP taken from IUCN Directory of Neotropical Protected Areas= 0 to 319 mt. IUCN Directory give a set of coordinates, but not very accurate, these coord point out a different site ""Estacion Experimental Forestal Horizontes"" which is a research station southeast of Santa Rosa NP. ",,Done,Authors reported the study site at 300 masl. Elevation range reported at Bat Eco-Interactions are those reported by The IUCN Directory of Neotropical Protected Areas for Parque Nacional Santa Rosa.,Primary  ,32,"Bonaccorso, F. J. & T. J. Gush. 1987",Central America,Parque Nacional Santa Rosa,Costa Rica,Forest,10.8379308,-85.7051116,0,319,Seed Dispersal,Seed,Chiroptera,Phyllostomidae,Sturnira,Sturnira lilium,Plantae,,,,Moraceae,Ficus,Ficus ovalis
C: done 12/29. Agree to keep it Forest,"Done ** Study done at 300 masl. Elevation values for Santa Rosa NP taken from IUCN Directory of Neotropical Protected Areas= 0 to 319 mt. IUCN Directory give a set of coordinates, but not very accurate, these coord point out a different site ""Estacion Experimental Forestal Horizontes"" which is a research station southeast of Santa Rosa NP. ",,Done,Authors reported the study site at 300 masl. Elevation range reported at Bat Eco-Interactions are those reported by The IUCN Directory of Neotropical Protected Areas for Parque Nacional Santa Rosa.,Primary  ,32,"Bonaccorso, F. J. & T. J. Gush. 1987",Central America,Parque Nacional Santa Rosa,Costa Rica,Forest,10.8379308,-85.7051116,0,319,Seed Dispersal,Seed,Chiroptera,Phyllostomidae,Carollia,Carollia perspicillata,Plantae,,,,Piperaceae,Piper,Piper pseudofuligineum
C: done 12/29. Agree to keep it Forest,"Done ** Study done at 300 masl. Elevation values for Santa Rosa NP taken from IUCN Directory of Neotropical Protected Areas= 0 to 319 mt. IUCN Directory give a set of coordinates, but not very accurate, these coord point out a different site ""Estacion Experimental Forestal Horizontes"" which is a research station southeast of Santa Rosa NP. ",,Done,Authors reported the study site at 300 masl. Elevation range reported at Bat Eco-Interactions are those reported by The IUCN Directory of Neotropical Protected Areas for Parque Nacional Santa Rosa.,Primary  ,32,"Bonaccorso, F. J. & T. J. Gush. 1987",Central America,Parque Nacional Santa Rosa,Costa Rica,Forest,10.8379308,-85.7051116,0,319,Seed Dispersal,Seed,Chiroptera,Phyllostomidae,Glossophaga,Glossophaga soricina,Plantae,,,,Piperaceae,Piper,Piper amalago
C: done 12/29. Agree to keep it Forest,"Done ** Study done at 300 masl. Elevation values for Santa Rosa NP taken from IUCN Directory of Neotropical Protected Areas= 0 to 319 mt. IUCN Directory give a set of coordinates, but not very accurate, these coord point out a different site ""Estacion Experimental Forestal Horizontes"" which is a research station southeast of Santa Rosa NP. ",,Done,Authors reported the study site at 300 masl. Elevation range reported at Bat Eco-Interactions are those reported by The IUCN Directory of Neotropical Protected Areas for Parque Nacional Santa Rosa.,Primary  ,32,"Bonaccorso, F. J. & T. J. Gush. 1987",Central America,Parque Nacional Santa Rosa,Costa Rica,Forest,10.8379308,-85.7051116,0,319,Seed Dispersal,Seed,Chiroptera,Phyllostomidae,Sturnira,Sturnira lilium,Plantae,,,,Muntingiaceae,Muntingia,Muntingia calabura
C: done 12/29. Agree to keep it Forest,"Done ** Study done at 300 masl. Elevation values for Santa Rosa NP taken from IUCN Directory of Neotropical Protected Areas= 0 to 319 mt. IUCN Directory give a set of coordinates, but not very accurate, these coord point out a different site ""Estacion Experimental Forestal Horizontes"" which is a research station southeast of Santa Rosa NP. ",,Done,Authors reported the study site at 300 masl. Elevation range reported at Bat Eco-Interactions are those reported by The IUCN Directory of Neotropical Protected Areas for Parque Nacional Santa Rosa.,Primary  ,32,"Bonaccorso, F. J. & T. J. Gush. 1987",Central America,Parque Nacional Santa Rosa,Costa Rica,Forest,10.8379308,-85.7051116,0,319,Seed Dispersal,Seed,Chiroptera,Phyllostomidae,Carollia,Carollia perspicillata,Plantae,,,,Piperaceae,Piper,Piper amalago
C: done 12/29. Agree to keep it Forest,"Done ** Study done at 300 masl. Elevation values for Santa Rosa NP taken from IUCN Directory of Neotropical Protected Areas= 0 to 319 mt. IUCN Directory give a set of coordinates, but not very accurate, these coord point out a different site ""Estacion Experimental Forestal Horizontes"" which is a research station southeast of Santa Rosa NP. ",,Done,Authors reported the study site at 300 masl. Elevation range reported at Bat Eco-Interactions are those reported by The IUCN Directory of Neotropical Protected Areas for Parque Nacional Santa Rosa.,Primary  ,32,"Bonaccorso, F. J. & T. J. Gush. 1987",Central America,Parque Nacional Santa Rosa,Costa Rica,Forest,10.8379308,-85.7051116,0,319,Seed Dispersal,Seed,Chiroptera,Phyllostomidae,Artibeus,Artibeus jamaicensis,Plantae,,,,Moraceae,Ficus,Ficus ovalis
C: done 12/29. Agree to keep it Forest,"Done ** Study done at 300 masl. Elevation values for Santa Rosa NP taken from IUCN Directory of Neotropical Protected Areas= 0 to 319 mt. IUCN Directory give a set of coordinates, but not very accurate, these coord point out a different site ""Estacion Experimental Forestal Horizontes"" which is a research station southeast of Santa Rosa NP. ",,Done,Authors reported the study site at 300 masl. Elevation range reported at Bat Eco-Interactions are those reported by The IUCN Directory of Neotropical Protected Areas for Parque Nacional Santa Rosa.,Primary  ,32,"Bonaccorso, F. J. & T. J. Gush. 1987",Central America,Parque Nacional Santa Rosa,Costa Rica,Forest,10.8379308,-85.7051116,0,319,Seed Dispersal,Seed,Chiroptera,Phyllostomidae,Carollia,Carollia subrufa,Plantae,,,,Moraceae,Ficus,Ficus ovalis
C: done 12/29. Agree to keep it Forest,"Done ** Study done at 300 masl. Elevation values for Santa Rosa NP taken from IUCN Directory of Neotropical Protected Areas= 0 to 319 mt. IUCN Directory give a set of coordinates, but not very accurate, these coord point out a different site ""Estacion Experimental Forestal Horizontes"" which is a research station southeast of Santa Rosa NP. ",,Done,Authors reported the study site at 300 masl. Elevation range reported at Bat Eco-Interactions are those reported by The IUCN Directory of Neotropical Protected Areas for Parque Nacional Santa Rosa.,Primary  ,32,"Bonaccorso, F. J. & T. J. Gush. 1987",Central America,Parque Nacional Santa Rosa,Costa Rica,Forest,10.8379308,-85.7051116,0,319,Seed Dispersal,Seed,Chiroptera,Phyllostomidae,Artibeus,Artibeus jamaicensis,Plantae,,,,Moraceae,Ficus,Ficus morazaniana
C: done 12/29. Agree to keep it Forest,"Done ** Study done at 300 masl. Elevation values for Santa Rosa NP taken from IUCN Directory of Neotropical Protected Areas= 0 to 319 mt. IUCN Directory give a set of coordinates, but not very accurate, these coord point out a different site ""Estacion Experimental Forestal Horizontes"" which is a research station southeast of Santa Rosa NP. ",,Done,Authors reported the study site at 300 masl. Elevation range reported at Bat Eco-Interactions are those reported by The IUCN Directory of Neotropical Protected Areas for Parque Nacional Santa Rosa.,Primary  ,32,"Bonaccorso, F. J. & T. J. Gush. 1987",Central America,Parque Nacional Santa Rosa,Costa Rica,Forest,10.8379308,-85.7051116,0,319,Seed Dispersal,Seed,Chiroptera,Phyllostomidae,Artibeus,Artibeus toltecus,Plantae,,,,Moraceae,Brosimum,Brosimum alicastrum
C: done 12/29. Agree to keep it Forest,"Done ** Study done at 300 masl. Elevation values for Santa Rosa NP taken from IUCN Directory of Neotropical Protected Areas= 0 to 319 mt. IUCN Directory give a set of coordinates, but not very accurate, these coord point out a different site ""Estacion Experimental Forestal Horizontes"" which is a research station southeast of Santa Rosa NP. ",,Done,Authors reported the study site at 300 masl. Elevation range reported at Bat Eco-Interactions are those reported by The IUCN Directory of Neotropical Protected Areas for Parque Nacional Santa Rosa.,Primary  ,32,"Bonaccorso, F. J. & T. J. Gush. 1987",Central America,Parque Nacional Santa Rosa,Costa Rica,Forest,10.8379308,-85.7051116,0,319,Seed Dispersal,Seed,Chiroptera,Phyllostomidae,Artibeus,Artibeus toltecus,Plantae,,,,Muntingiaceae,Muntingia,Muntingia calabura
C: done 12/29. Agree to keep it Forest,"Done ** Study done at 300 masl. Elevation values for Santa Rosa NP taken from IUCN Directory of Neotropical Protected Areas= 0 to 319 mt. IUCN Directory give a set of coordinates, but not very accurate, these coord point out a different site ""Estacion Experimental Forestal Horizontes"" which is a research station southeast of Santa Rosa NP. ",,Done,Authors reported the study site at 300 masl. Elevation range reported at Bat Eco-Interactions are those reported by The IUCN Directory of Neotropical Protected Areas for Parque Nacional Santa Rosa.,Primary  ,32,"Bonaccorso, F. J. & T. J. Gush. 1987",Central America,Parque Nacional Santa Rosa,Costa Rica,Forest,10.8379308,-85.7051116,0,319,Seed Dispersal,Seed,Chiroptera,Phyllostomidae,Artibeus,Artibeus toltecus,Plantae,,,,Moraceae,Ficus,Ficus ovalis
C: done 12/29. Agree to keep it Forest,"Done ** Study done at 300 masl. Elevation values for Santa Rosa NP taken from IUCN Directory of Neotropical Protected Areas= 0 to 319 mt. IUCN Directory give a set of coordinates, but not very accurate, these coord point out a different site ""Estacion Experimental Forestal Horizontes"" which is a research station southeast of Santa Rosa NP. ",,Done,Authors reported the study site at 300 masl. Elevation range reported at Bat Eco-Interactions are those reported by The IUCN Directory of Neotropical Protected Areas for Parque Nacional Santa Rosa.,Primary  ,32,"Bonaccorso, F. J. & T. J. Gush. 1987",Central America,Parque Nacional Santa Rosa,Costa Rica,Forest,10.8379308,-85.7051116,0,319,Seed Dispersal,Seed,Chiroptera,Phyllostomidae,Artibeus,Artibeus jamaicensis,Plantae,,,,Moraceae,Brosimum,Brosimum alicastrum
C: done 12/29. Agree to keep it Forest,"Done ** Study done at 300 masl. Elevation values for Santa Rosa NP taken from IUCN Directory of Neotropical Protected Areas= 0 to 319 mt. IUCN Directory give a set of coordinates, but not very accurate, these coord point out a different site ""Estacion Experimental Forestal Horizontes"" which is a research station southeast of Santa Rosa NP. ",,Done,Authors reported the study site at 300 masl. Elevation range reported at Bat Eco-Interactions are those reported by The IUCN Directory of Neotropical Protected Areas for Parque Nacional Santa Rosa.,Primary  ,32,"Bonaccorso, F. J. & T. J. Gush. 1987",Central America,Parque Nacional Santa Rosa,Costa Rica,Forest,10.8379308,-85.7051116,0,319,Seed Dispersal,Seed,Chiroptera,Phyllostomidae,Carollia,Carollia perspicillata,Plantae,,,,Hypericaceae,Vismia,Vismia baccifera
C: done 12/29. Agree to keep it Forest,"Done ** Study done at 300 masl. Elevation values for Santa Rosa NP taken from IUCN Directory of Neotropical Protected Areas= 0 to 319 mt. IUCN Directory give a set of coordinates, but not very accurate, these coord point out a different site ""Estacion Experimental Forestal Horizontes"" which is a research station southeast of Santa Rosa NP. ",,Done,Authors reported the study site at 300 masl. Elevation range reported at Bat Eco-Interactions are those reported by The IUCN Directory of Neotropical Protected Areas for Parque Nacional Santa Rosa.,Primary  ,32,"Bonaccorso, F. J. & T. J. Gush. 1987",Central America,Parque Nacional Santa Rosa,Costa Rica,Forest,10.8379308,-85.7051116,0,319,Seed Dispersal,Seed,Chiroptera,Phyllostomidae,Glossophaga,Glossophaga soricina,Plantae,,,,Moraceae,Ficus,Ficus ovalis
C: done 12/29. Agree to keep it Forest,"Done ** Study done at 300 masl. Elevation values for Santa Rosa NP taken from IUCN Directory of Neotropical Protected Areas= 0 to 319 mt. IUCN Directory give a set of coordinates, but not very accurate, these coord point out a different site ""Estacion Experimental Forestal Horizontes"" which is a research station southeast of Santa Rosa NP. ",,Done,Authors reported the study site at 300 masl. Elevation range reported at Bat Eco-Interactions are those reported by The IUCN Directory of Neotropical Protected Areas for Parque Nacional Santa Rosa.,Primary  ,32,"Bonaccorso, F. J. & T. J. Gush. 1987",Central America,Parque Nacional Santa Rosa,Costa Rica,Forest,10.8379308,-85.7051116,0,319,Seed Dispersal,Seed,Chiroptera,Phyllostomidae,Glossophaga,Glossophaga soricina,Plantae,,,,Muntingiaceae,Muntingia,Muntingia calabura
C: done 12/29. Agree to keep it Forest,"Done ** Study done at 300 masl. Elevation values for Santa Rosa NP taken from IUCN Directory of Neotropical Protected Areas= 0 to 319 mt. IUCN Directory give a set of coordinates, but not very accurate, these coord point out a different site ""Estacion Experimental Forestal Horizontes"" which is a research station southeast of Santa Rosa NP. ",,Done,Authors reported the study site at 300 masl. Elevation range reported at Bat Eco-Interactions are those reported by The IUCN Directory of Neotropical Protected Areas for Parque Nacional Santa Rosa.,Primary  ,32,"Bonaccorso, F. J. & T. J. Gush. 1987",Central America,Parque Nacional Santa Rosa,Costa Rica,Forest,10.8379308,-85.7051116,0,319,Seed Dispersal,Seed,Chiroptera,Phyllostomidae,Artibeus,Artibeus phaeotis,Plantae,,,,Muntingiaceae,Muntingia,Muntingia calabura
C: done 12/29. Agree to keep it Forest,"Done ** Study done at 300 masl. Elevation values for Santa Rosa NP taken from IUCN Directory of Neotropical Protected Areas= 0 to 319 mt. IUCN Directory give a set of coordinates, but not very accurate, these coord point out a different site ""Estacion Experimental Forestal Horizontes"" which is a research station southeast of Santa Rosa NP. ",,Done,Authors reported the study site at 300 masl. Elevation range reported at Bat Eco-Interactions are those reported by The IUCN Directory of Neotropical Protected Areas for Parque Nacional Santa Rosa.,Primary  ,32,"Bonaccorso, F. J. & T. J. Gush. 1987",Central America,Parque Nacional Santa Rosa,Costa Rica,Forest,10.8379308,-85.7051116,0,319,Seed Dispersal,Seed,Chiroptera,Phyllostomidae,Carollia,Carollia perspicillata,Plantae,,,,Urticaceae,Cecropia,Cecropia peltata
C: done 12/29. Agree to keep it Forest,"Done ** Study done at 300 masl. Elevation values for Santa Rosa NP taken from IUCN Directory of Neotropical Protected Areas= 0 to 319 mt. IUCN Directory give a set of coordinates, but not very accurate, these coord point out a different site ""Estacion Experimental Forestal Horizontes"" which is a research station southeast of Santa Rosa NP. ",,Done,Authors reported the study site at 300 masl. Elevation range reported at Bat Eco-Interactions are those reported by The IUCN Directory of Neotropical Protected Areas for Parque Nacional Santa Rosa.,Primary  ,32,"Bonaccorso, F. J. & T. J. Gush. 1987",Central America,Parque Nacional Santa Rosa,Costa Rica,Forest,10.8379308,-85.7051116,0,319,Seed Dispersal,Seed,Chiroptera,Phyllostomidae,Artibeus,Artibeus toltecus,Plantae,,,,Piperaceae,Piper,Piper amalago
C: done 12/29. Agree to keep it Forest,"Done ** Study done at 300 masl. Elevation values for Santa Rosa NP taken from IUCN Directory of Neotropical Protected Areas= 0 to 319 mt. IUCN Directory give a set of coordinates, but not very accurate, these coord point out a different site ""Estacion Experimental Forestal Horizontes"" which is a research station southeast of Santa Rosa NP. ",,Done,Authors reported the study site at 300 masl. Elevation range reported at Bat Eco-Interactions are those reported by The IUCN Directory of Neotropical Protected Areas for Parque Nacional Santa Rosa.,Primary  ,32,"Bonaccorso, F. J. & T. J. Gush. 1987",Central America,Parque Nacional Santa Rosa,Costa Rica,Forest,10.8379308,-85.7051116,0,319,Seed Dispersal,Seed,Chiroptera,Phyllostomidae,Artibeus,Artibeus phaeotis,Plantae,,,,Moraceae,Ficus,Ficus ovalis
C: done 12/29. Agree to keep it Forest,"Done ** Study done at 300 masl. Elevation values for Santa Rosa NP taken from IUCN Directory of Neotropical Protected Areas= 0 to 319 mt. IUCN Directory give a set of coordinates, but not very accurate, these coord point out a different site ""Estacion Experimental Forestal Horizontes"" which is a research station southeast of Santa Rosa NP. ",,Done,Authors reported the study site at 300 masl. Elevation range reported at Bat Eco-Interactions are those reported by The IUCN Directory of Neotropical Protected Areas for Parque Nacional Santa Rosa.,Primary  ,32,"Bonaccorso, F. J. & T. J. Gush. 1987",Central America,Parque Nacional Santa Rosa,Costa Rica,Forest,10.8379308,-85.7051116,0,319,Seed Dispersal,Seed,Chiroptera,Phyllostomidae,Glossophaga,Glossophaga soricina,Plantae,,,,Urticaceae,Cecropia,Cecropia peltata
C: done 12/29,Done. Applied location specs for BCI taken from http://www.forestgeo.si.edu/floss/site/Barro%20Colorado%20Island/ and toporaphic_map.pdf,,Done,,Primary  ,34,"Bonaccorso, F. J. 1979",Central America,Barro Colorado Island,Panama,Forest,9.15164,-79.8509,25,145,Visitation,Flower,Chiroptera,Phyllostomidae,Phyllostomus,Phyllostomus discolor,Plantae,,,,Malvaceae,Ochroma,Ochroma lagopus
C: done 12/29,Done. Applied location specs for BCI taken from http://www.forestgeo.si.edu/floss/site/Barro%20Colorado%20Island/ and toporaphic_map.pdf,,Done,,Primary  ,34,"Bonaccorso, F. J. 1979",Central America,Barro Colorado Island,Panama,Forest,9.15164,-79.8509,25,145,Visitation,Flower,Chiroptera,Phyllostomidae,Phyllostomus,Phyllostomus discolor,Plantae,,,,Malvaceae,Pseudobombax,Pseudobombax septenatum
C: done 12/29,Done. Applied location specs for BCI taken from http://www.forestgeo.si.edu/floss/site/Barro%20Colorado%20Island/ and toporaphic_map.pdf,,Done,,Primary  ,34,"Bonaccorso, F. J. 1979",Central America,Barro Colorado Island,Panama,Forest,9.15164,-79.8509,25,145,Visitation,Flower,Chiroptera,Phyllostomidae,Glossophaga,Glossophaga soricina,Plantae,,,,Malvaceae,Ochroma,Ochroma lagopus
C: done 12/29,Done. Applied location specs for BCI taken from http://www.forestgeo.si.edu/floss/site/Barro%20Colorado%20Island/ and toporaphic_map.pdf,,Done,,Primary  ,34,"Bonaccorso, F. J. 1979",Central America,Barro Colorado Island,Panama,Forest,9.15164,-79.8509,25,145,Visitation,Flower,Chiroptera,Phyllostomidae,Micronycteris,Micronycteris brachyotis,Plantae,,,,Malvaceae,Ochroma,Ochroma lagopus
C: done 12/29,Done. Applied location specs for BCI taken from http://www.forestgeo.si.edu/floss/site/Barro%20Colorado%20Island/ and toporaphic_map.pdf,,Done,,Primary  ,34,"Bonaccorso, F. J. 1979",Central America,Barro Colorado Island,Panama,Forest,9.15164,-79.8509,25,145,Seed Dispersal,,Chiroptera,Phyllostomidae,Carollia,Carollia castanea,Plantae,,,,Hypericaceae,Vismia,
C: done 12/29,Done. Applied location specs for BCI taken from http://www.forestgeo.si.edu/floss/site/Barro%20Colorado%20Island/ and toporaphic_map.pdf,,Done,,Primary  ,34,"Bonaccorso, F. J. 1979",Central America,Barro Colorado Island,Panama,Forest,9.15164,-79.8509,25,145,Seed Dispersal,,Chiroptera,Phyllostomidae,Carollia,Carollia perspicillata,Plantae,,,,Hypericaceae,Vismia,
C: done 12/29,Done. Applied location specs for BCI taken from http://www.forestgeo.si.edu/floss/site/Barro%20Colorado%20Island/ and toporaphic_map.pdf,,Done,,Primary  ,34,"Bonaccorso, F. J. 1979",Central America,Barro Colorado Island,Panama,Forest,9.15164,-79.8509,25,145,Seed Dispersal,,Chiroptera,,,,Plantae,,,,Moraceae,Poulsenia,Poulsenia armata
C: done 12/29,Done. Applied location specs for BCI taken from http://www.forestgeo.si.edu/floss/site/Barro%20Colorado%20Island/ and toporaphic_map.pdf,,Done,,Primary  ,34,"Bonaccorso, F. J. 1979",Central America,Barro Colorado Island,Panama,Forest,9.15164,-79.8509,25,145,Seed Dispersal,,Chiroptera,,,,Plantae,,,,Arecaceae,Astrocaryum,Astrocaryum standleyanum
C: done 12/29,Done. Applied location specs for BCI taken from http://www.forestgeo.si.edu/floss/site/Barro%20Colorado%20Island/ and toporaphic_map.pdf,,Done,,Primary  ,34,"Bonaccorso, F. J. 1979",Central America,Barro Colorado Island,Panama,Forest,9.15164,-79.8509,25,145,Seed Dispersal,,Chiroptera,,,,Plantae,,,,Anacardiaceae,Spondias,Spondias mombin
C: done 12/29,Done. Applied location specs for BCI taken from http://www.forestgeo.si.edu/floss/site/Barro%20Colorado%20Island/ and toporaphic_map.pdf,,Done,,Primary  ,34,"Bonaccorso, F. J. 1979",Central America,Barro Colorado Island,Panama,Forest,9.15164,-79.8509,25,145,Seed Dispersal,,Chiroptera,Phyllostomidae,Carollia,Carollia perspicillata,Plantae,,,,Piperaceae,Piper,
C: done 12/29,Done. Applied location specs for BCI taken from http://www.forestgeo.si.edu/floss/site/Barro%20Colorado%20Island/ and toporaphic_map.pdf,,Done,,Primary  ,34,"Bonaccorso, F. J. 1979",Central America,Barro Colorado Island,Panama,Forest,9.15164,-79.8509,25,145,Seed Dispersal,,Chiroptera,Phyllostomidae,Carollia,Carollia perspicillata,Plantae,,,,Piperaceae,Piper,Piper marginatum
C: done 12/29,Done. Applied location specs for BCI taken from http://www.forestgeo.si.edu/floss/site/Barro%20Colorado%20Island/ and toporaphic_map.pdf,,Done,,Primary  ,34,"Bonaccorso, F. J. 1979",Central America,Barro Colorado Island,Panama,Forest,9.15164,-79.8509,25,145,Seed Dispersal,,Chiroptera,,,,Plantae,,,,Clusiaceae,Clusia,Clusia odorata
C: done 12/29,Done. Applied location specs for BCI taken from http://www.forestgeo.si.edu/floss/site/Barro%20Colorado%20Island/ and toporaphic_map.pdf,,Done,,Primary  ,34,"Bonaccorso, F. J. 1979",Central America,Barro Colorado Island,Panama,Forest,9.15164,-79.8509,25,145,Seed Dispersal,,Chiroptera,,,,Plantae,,,,Urticaceae,Cecropia,Cecropia obtusifolia
C: done 12/29,Done. Applied location specs for BCI taken from http://www.forestgeo.si.edu/floss/site/Barro%20Colorado%20Island/ and toporaphic_map.pdf,,Done,,Primary  ,34,"Bonaccorso, F. J. 1979",Central America,Barro Colorado Island,Panama,Forest,9.15164,-79.8509,25,145,Seed Dispersal,,Chiroptera,,,,Plantae,,,,Moraceae,Ficus,Ficus obtusifolia
C: done 12/29,Done. Applied location specs for BCI taken from http://www.forestgeo.si.edu/floss/site/Barro%20Colorado%20Island/ and toporaphic_map.pdf,,Done,,Primary  ,34,"Bonaccorso, F. J. 1979",Central America,Barro Colorado Island,Panama,Forest,9.15164,-79.8509,25,145,Seed Dispersal,,Chiroptera,,,,Plantae,,,,Salicaceae,Tetrathylacium,Tetrathylacium johansenii
C: done 12/29,Done. Applied location specs for BCI taken from http://www.forestgeo.si.edu/floss/site/Barro%20Colorado%20Island/ and toporaphic_map.pdf,,Done,,Primary  ,34,"Bonaccorso, F. J. 1979",Central America,Barro Colorado Island,Panama,Forest,9.15164,-79.8509,25,145,Seed Dispersal,,Chiroptera,Phyllostomidae,Carollia,Carollia perspicillata,Plantae,,,,Solanaceae,Markea,Markea panamensis
C: done 12/29,Done. Applied location specs for BCI taken from http://www.forestgeo.si.edu/floss/site/Barro%20Colorado%20Island/ and toporaphic_map.pdf,,Done,,Primary  ,34,"Bonaccorso, F. J. 1979",Central America,Barro Colorado Island,Panama,Forest,9.15164,-79.8509,25,145,Seed Dispersal,,Chiroptera,Phyllostomidae,Carollia,Carollia castanea,Plantae,,,,Piperaceae,Piper,Piper carrilloanum
C: done 12/29,Done. Applied location specs for BCI taken from http://www.forestgeo.si.edu/floss/site/Barro%20Colorado%20Island/ and toporaphic_map.pdf,,Done,,Primary  ,34,"Bonaccorso, F. J. 1979",Central America,Barro Colorado Island,Panama,Forest,9.15164,-79.8509,25,145,Consumption,Fruit,Chiroptera,Phyllostomidae,Artibeus,Artibeus jamaicensis,Plantae,,,,Fabaceae,Dipteryx,Dipteryx panamensis
C: done 12/29,Done. Applied location specs for BCI taken from http://www.forestgeo.si.edu/floss/site/Barro%20Colorado%20Island/ and toporaphic_map.pdf,,Done,,Primary  ,34,"Bonaccorso, F. J. 1979",Central America,Barro Colorado Island,Panama,Forest,9.15164,-79.8509,25,145,Seed Dispersal,,Chiroptera,Phyllostomidae,Platyrrhinus,Platyrrhinus helleri,Plantae,,,,Moraceae,Ficus,Ficus insipida
C: done 12/29,Done. Applied location specs for BCI taken from http://www.forestgeo.si.edu/floss/site/Barro%20Colorado%20Island/ and toporaphic_map.pdf,,Done,,Primary  ,34,"Bonaccorso, F. J. 1979",Central America,Barro Colorado Island,Panama,Forest,9.15164,-79.8509,25,145,Seed Dispersal,,Chiroptera,Phyllostomidae,Vampyrodes,Vampyrodes caraccioli,Plantae,,,,Moraceae,Ficus,Ficus insipida
C: done 12/29,Done. Applied location specs for BCI taken from http://www.forestgeo.si.edu/floss/site/Barro%20Colorado%20Island/ and toporaphic_map.pdf,,Done,,Primary  ,34,"Bonaccorso, F. J. 1979",Central America,Barro Colorado Island,Panama,Forest,9.15164,-79.8509,25,145,Seed Dispersal,,Chiroptera,Phyllostomidae,Chiroderma,Chiroderma villosum,Plantae,,,,Moraceae,Ficus,Ficus popenoei
C: done 12/29,Done. Applied location specs for BCI taken from http://www.forestgeo.si.edu/floss/site/Barro%20Colorado%20Island/ and toporaphic_map.pdf,,Done,,Primary  ,34,"Bonaccorso, F. J. 1979",Central America,Barro Colorado Island,Panama,Forest,9.15164,-79.8509,25,145,Seed Dispersal,,Chiroptera,Phyllostomidae,Artibeus,Artibeus phaeotis,Plantae,,,,Anacardiaceae,Spondias,Spondias radlkoferi
C: done 12/29,Done. Applied location specs for BCI taken from http://www.forestgeo.si.edu/floss/site/Barro%20Colorado%20Island/ and toporaphic_map.pdf,,Done,,Primary  ,34,"Bonaccorso, F. J. 1979",Central America,Barro Colorado Island,Panama,Forest,9.15164,-79.8509,25,145,Seed Dispersal,,Chiroptera,Phyllostomidae,Chiroderma,Chiroderma trinitatum,Plantae,,,,Moraceae,Ficus,Ficus popenoei
C: done 12/29,Done. Applied location specs for BCI taken from http://www.forestgeo.si.edu/floss/site/Barro%20Colorado%20Island/ and toporaphic_map.pdf,,Done,,Primary  ,34,"Bonaccorso, F. J. 1979",Central America,Barro Colorado Island,Panama,Forest,9.15164,-79.8509,25,145,Consumption,Fruit,Chiroptera,Phyllostomidae,Carollia,Carollia castanea,Plantae,,,,Fabaceae,Dipteryx,Dipteryx panamensis
C: done 12/29,Done. Applied location specs for BCI taken from http://www.forestgeo.si.edu/floss/site/Barro%20Colorado%20Island/ and toporaphic_map.pdf,,Done,,Primary  ,34,"Bonaccorso, F. J. 1979",Central America,Barro Colorado Island,Panama,Forest,9.15164,-79.8509,25,145,Seed Dispersal,,Chiroptera,Phyllostomidae,Carollia,Carollia perspicillata,Plantae,,,,Solanaceae,Solanum,Solanum hayesii
C: done 12/29,Done. Applied location specs for BCI taken from http://www.forestgeo.si.edu/floss/site/Barro%20Colorado%20Island/ and toporaphic_map.pdf,,Done,,Primary  ,34,"Bonaccorso, F. J. 1979",Central America,Barro Colorado Island,Panama,Forest,9.15164,-79.8509,25,145,Seed Dispersal,,Chiroptera,Phyllostomidae,Carollia,Carollia castanea,Plantae,,,,Piperaceae,Piper,Piper cordulatum
C: done 12/29,Done. Applied location specs for BCI taken from http://www.forestgeo.si.edu/floss/site/Barro%20Colorado%20Island/ and toporaphic_map.pdf,,Done,,Primary  ,34,"Bonaccorso, F. J. 1979",Central America,Barro Colorado Island,Panama,Forest,9.15164,-79.8509,25,145,Seed Dispersal,,Chiroptera,Phyllostomidae,Carollia,Carollia perspicillata,Plantae,,,,Piperaceae,Piper,Piper reticulatum
C: done 12/29,Done. Applied location specs for BCI taken from http://www.forestgeo.si.edu/floss/site/Barro%20Colorado%20Island/ and toporaphic_map.pdf,,Done,,Primary  ,34,"Bonaccorso, F. J. 1979",Central America,Barro Colorado Island,Panama,Forest,9.15164,-79.8509,25,145,Seed Dispersal,,Chiroptera,Phyllostomidae,Carollia,Carollia perspicillata,Plantae,,,,Piperaceae,Piper,Piper aequale
C: done 12/29,Done. Applied location specs for BCI taken from http://www.forestgeo.si.edu/floss/site/Barro%20Colorado%20Island/ and toporaphic_map.pdf,,Done,,Primary  ,34,"Bonaccorso, F. J. 1979",Central America,Barro Colorado Island,Panama,Forest,9.15164,-79.8509,25,145,Seed Dispersal,,Chiroptera,Phyllostomidae,Carollia,Carollia perspicillata,Plantae,,,,Moraceae,Brosimum,Brosimum bernadetteae